GRID NAME,date assess,AA  2 yr,AS  2 yr,GS  2 yr,total IAA  2 yr,O  2yr,BRY  2yr,BS  2yr,CR  2yr,C  2yr,CE 2yr,CH  2yr,CLA  2yr,DC  2yr,DA  2yr,DF  2yr,DS  2yr,Total Dictyota sp.  2yr,GC 2yr,GP  2yr,GR  2yr,HAL/HD  2yr,HH  2yr,HYD 2yr,HC  2yr,HM  2yr,LC  2yr,LM  2yr,P  2yr,SF  2yr,ROCK COUNT  (0 cm),SEDIMENT DEPTH MEAN m+s  cm
,2yr,2yr,2yr,2yr,2yr,2yr,2yr,2yr,2yr,2yr,2yr,2yr,2yr,2yr,2yr,2yr,2yr,2yr,2yr,2yr,2yr,2yr,2yr,2yr,2yr,2yr,2yr,2yr,2yr,2yr,2yr,2yr
,,,,,,,,,,,,,,,,,,,,,,,,,,,,,,,,
,,,,,,,,,,,,,,,,,,,,,,,,,,,,,,,,
,427,427,408,407,423,242,0,15,3,111,0,139,1,29,55,3,22,106,10,1,0,67,3,7,12,1,1,167,32,198,275,
,,,,,,,,,,,,,,,,,,,,,,,,,,,,,,,,
,,,,,,,,,,,,,,,,,,,,,,,,,,,,,,,,
7841 2951,,,,,,,,,,,,,,,,,,0,,,,,,,,,,,,,,n/a
7875 2989,,,,,,,,,,,,,,,,,,0,,,,,,,,,,,,,,n/a
7875 3035,,,,,,,,,,,,,,,,,,0,,,,,,,,,,,,,,n/a
7918 3009,,,,,,,,,,,,,,,,,,0,,,,,,,,,,,,,,n/a
7954 3181,,,,,,,,,,,,,,,,,,0,,,,,,,,,,,,,,n/a
7960 2249,,,,,,,,,,,,,,,,,,0,,,,,,,,,,,,,,
7960 2268,,,,,,,,,,,,,,,,,,0,,,,,,,,,,,,,,
7960 2307,,,,,,,,,,,,,,,,,,0,,,,,,,,,,,,,,
7960 2693,,,,,,,,,,,,,,,,,,0,,,,,,,,,,,,,,n/a
7960 2703,,,,,,,,,,,,,,,,,,0,,,,,,,,,,,,,,n/a
7960 2712,,,,,,,,,,,,,,,,,,0,,,,,,,,,,,,,,n/a
7960 2722,,,,,,,,,,,,,,,,,,0,,,,,,,,,,,,,,n/a
7969 2297,,,,,,,,,,,,,,,,,,0,,,,,,,,,,,,,,
7969 2307,,,,,,,,,,,,,,,,,,0,,,,,,,,,,,,,,
7969 2693,,,,,,,,,,,,,,,,,,0,,,,,,,,,,,,,,n/a
7969 2703,,,,,,,,,,,,,,,,,,0,,,,,,,,,,,,,,n/a
7969 2712,,,,,,,,,,,,,,,,,,0,,,,,,,,,,,,,,n/a
7969 2722,9/21/20,7,7,1,15,2,,,,,,,,,,,,0,,,,,,1,,,,32,3,2,32,0.85
7973 2987,,,,,,,,,,,,,,,,,,0,,,,,,,,,,,,,,n/a
7978 2693,,,,,,,,,,,,,,,,,,0,,,,,,,,,,,,,,n/a
7978 2703,,,,,,,,,,,,,,,,,,0,,,,,,,,,,,,,,n/a
7978 2712,,,,,,,,,,,,,,,,,,0,,,,,,,,,,,,,,n/a
7978 2722,9/21/20,18,17,0,35,8,,,,10,,5,,1,4,,3,8,,,,,,,,,,37,7,10,29,0.46
7978 3080,,,,,,,,,,,,,,,,,,0,,,,,,,,,,,,,,n/a
7987 2258,,,,,,,,,,,,,,,,,,0,,,,,,,,,,,,,,
7987 2268,,,,,,,,,,,,,,,,,,0,,,,,,,,,,,,,,
7987 2693,,,,,,,,,,,,,,,,,,0,,,,,,,,,,,,,,n/a
7987 2703,,,,,,,,,,,,,,,,,,0,,,,,,,,,,,,,,n/a
7987 2712,,,,,,,,,,,,,,,,,,0,,,,,,,,,,,,,,n/a
7987 2722,9/21/20,7,13,0,20,1,,,,14,,8,,,,,1,1,,,,,,,,,,23,2,5,15,1.47
7988 3151,,,,,,,,,,,,,,,,,,0,,,,,,,,,,,,,,n/a
7996 2249,,,,,,,,,,,,,,,,,,0,,,,,,,,,,,,,,
7996 2693,,,,,,,,,,,,,,,,,,0,,,,,,,,,,,,,,n/a
7996 2703,,,,,,,,,,,,,,,,,,0,,,,,,,,,,,,,,n/a
7996 2712,,,,,,,,,,,,,,,,,,0,,,,,,,,,,,,,,n/a
7996 2722,9/21/20,18,9,0,27,,,1,,6,,,,,1,,1,3,,,,,,1,,,,24,2,2,44,0.67
8005 2693,,,,,,,,,,,,,,,,,,0,,,,,,,,,,,,,,n/a
8005 2703,,,,,,,,,,,,,,,,,,0,,,,,,,,,,,,,,n/a
8005 2712,,,,,,,,,,,,,,,,,,0,,,,,,,,,,,,,,n/a
8005 2722,9/21/20,9,12,0,21,1,,2,,10,,,,,,,,0,,,,,,,,,,31,,2,32,1.98
8005 3215,,,,,,,,,,,,,,,,,,0,,,,,,,,,,,,,,n/a
8005 3224,,,,,,,,,,,,,,,,,,0,,,,,,,,,,,,,,n/a
8014 2693,,,,,,,,,,,,,,,,,,0,,,,,,,,,,,,,,n/a
8014 2703,,,,,,,,,,,,,,,,,,0,,,,,,,,,,,,,,n/a
8014 2712,,,,,,,,,,,,,,,,,,0,,,,,,,,,,,,,,n/a
8014 2722,9/21/20,0,4,0,4,2,,,,1,,1,,,2,,,2,,,,,,,,,,8,,2,13,2.42
8014 3215,,,,,,,,,,,,,,,,,,0,,,,,,,,,,,,,,n/a
8014 3224,,,,,,,,,,,,,,,,,,0,,,,,,,,,,,,,,n/a
8014 3234,,,,,,,,,,,,,,,,,,0,,,,,,,,,,,,,,n/a
8023 2693,,,,,,,,,,,,,,,,,,0,,,,,,,,,,,,,,n/a
8023 2703,,,,,,,,,,,,,,,,,,0,,,,,,,,,,,,,,n/a
8023 2712,,,,,,,,,,,,,,,,,,0,,,,,,,,,,,,,,n/a
8023 2722,9/21/20,7,8,0,15,4,,,,,,1,,,,,,0,1,,,,,,,,,9,,4,27,2.19
8023 2838,8/17/18,17,20,15,52,8,,,,8,,,,,1,,,1,,,,,,,,,,,,6,20,1.95
8023 2848,5/30/20,2,12,0,14,,,,,,,4,,,,,,0,,,,2,,,,,,23,,5,19,2.51
8023 3215,,,,,,,,,,,,,,,,,,0,,,,,,,,,,,,,,n/a
8023 3224,,,,,,,,,,,,,,,,,,0,,,,,,,,,,,,,,n/a
8023 3234,,,,,,,,,,,,,,,,,,0,,,,,,,,,,,,,,n/a
8024 3254,,,,,,,,,,,,,,,,,,0,,,,,,,,,,,,,,n/a
8030 3228,,,,,,,,,,,,,,,,,,0,,,,,,,,,,,,,,n/a
8030 3233,,,,,,,,,,,,,,,,,,0,,,,,,,,,,,,,,n/a
8030 3259,,,,,,,,,,,,,,,,,,0,,,,,,,,,,,,,,n/a
8032 2693,,,,,,,,,,,,,,,,,,0,,,,,,,,,,,,,,n/a
8032 2703,,,,,,,,,,,,,,,,,,0,,,,,,,,,,,,,,n/a
8032 2712,,,,,,,,,,,,,,,,,,0,,,,,,,,,,,,,,n/a
8032 2722,9/21/20,6,2,0,8,,,,,7,,2,,,1,,,1,,,,,,,,,,13,,,23,2.14
8032 2819,,,,,,,,,,,,,,,,,,0,,,,,,,,,,,,,,n/a
8032 2838,8/27/18,14,9,5,28,6,,,,2,,,,,1,,,1,,,,,,,1,,,,,1,3,4.18
8032 2848,5/30/20,3,9,0,12,,,1,,,,,,,1,,,1,,,,1,,,,,,10,1,2,13,3.20
8032 2867,,,,,,,,,,,,,,,,,,0,,,,,,,,,,,,,,n/a
8032 3060,9/23/20,1,37,0,38,,,,,,,,,2,,,1,2,,,,62,,,,,,90,,,3,0.00
8032 3070,9/23/20,2,37,0,39,,,,,,,2,,,,5,2,8,,,,50,,,,,,55,,3,22,0.12
8032 3079,,,,,,,,,,,,,,,,,,0,,,,,,,,,,,,,,n/a
8032 3089,,,,,,,,,,,,,,,,,,0,,,,,,,,,,,,,,n/a
8032 3099,,,,,,,,,,,,,,,,,,0,,,,,,,,,,,,,,n/a
8032 3108,,,,,,,,,,,,,,,,,,0,,,,,,,,,,,,,,n/a
8032 3118,,,,,,,,,,,,,,,,,,0,,,,,,,,,,,,,,n/a
8032 3224,,,,,,,,,,,,,,,,,,0,,,,,,,,,,,,,,n/a
8032 3234,,,,,,,,,,,,,,,,,,0,,,,,,,,,,,,,,n/a
8041 2780,,,,,,,,,,,,,,,,,,0,,,,,,,,,,,,,,n/a
8041 2790,,,,,,,,,,,,,,,,,,0,,,,,,,,,,,,,,n/a
8041 2819,,,,,,,,,,,,,,,,,,0,,,,,,,,,,,,,,n/a
8041 2838,,,,,,,,,,,,,,,,,,0,,,,,,,,,,,,,,n/a
8041 3012,10/24/17,27,90,4,121,64,,,,,,,,,,,,0,,,,,,,,,,,,,,n/a
8041 3021,10/24/17,26,63,3,92,32,,,,,,,,,,,,0,,,,,,,,,,,,,,n/a
8041 3050,,,,,,,,,,,,,,,,,,0,,,,,,,,,,,,,,n/a
8041 3060,9/23/20,7,27,0,34,,,,,,,1,,6,,,,1,,,,37,,,,,,57,,,16,1.00
8041 3070,9/23/20,9,51,0,60,,,,,1,,1,,2,,3,3,6,,,,53,,,,,,55,,,12,0.44
8041 3099,,,,,,,,,,,,,,,,,,0,,,,,,,,,,,,,,n/a
8041 3108,,,,,,,,,,,,,,,,,,0,,,,,,,,,,,,,,n/a
8041 3224,,,,,,,,,,,,,,,,,,0,,,,,,,,,,,,,,n/a
8041 3234,,,,,,,,,,,,,,,,,,0,,,,,,,,,,,,,,n/a
8050 2780,10/1/19,5,2,3,10,,,,,,,3,,,,,,0,,,,,,,,,,,,13,15,2.25
8050 2790,10/1/19,1,12,1,14,1,,,,,,7,,,2,,,2,,,,,,,,,,1,3,11,56,0.86
8050 2819,,,,,,,,,,,,,,,,,,0,,,,,,,,,,,,,,n/a
8050 2828,,,,,,,,,,,,,,,,,,0,,,,,,,,,,,,,,n/a
8050 2915,11/9/19,4,18,10,32,,,,,11,,5,,,7,,,7,,,,1,,,,,,9,,15,29,1.14
8050 2925,10/11/19,18,58,16,92,,,1,,51,,10,,,8,,10,18,,,,31,,,,,,33,1,20,3,1.70
8050 2944,,,,,,,,,,,,,,,,,,0,,,,,,,,,,,,,,n/a
8050 2954,6/2/18,15,44,6,65,13,,,,1,,,,,13,,,13,,2,,25,,,,,,,,21,16,0.97
8050 2964,2/20/18,14,0,8,22,21,,,,,,,,,,,,0,,,,,,,,,,,,,,n/a
8050 2973,2/20/18,20,5,9,34,46,,,,,,,,,,,,0,,,,,,,,,,,,,,n/a
8050 2983,4/14/21,2,26,40,68,,,,,15,,21,,,5,,,6,1,,,28,,,,,,67,,,10,0.53
8050 2993,4/14/21,4,28,18,50,,,,,5,,3,,,,,,0,1,,,24,,,,,,63,,,24,0.00
8050 3012,10/24/17,13,69,1,83,45,,,,,,,,,,,,0,,,,,,,,,,,,,,n/a
8050 3021,10/24/17,16,61,1,78,23,,,,,,,,,,,,0,,,,,,,,,,,,,,n/a
8050 3031,10/26/19,4,17,4,25,,,,,,,1,,3,,,,1,,,,4,,,,,,,,1,29,1.27
8050 3041,,,,,,,,,,,,,,,,,,0,,,,,,,,,,,,,,n/a
8050 3050,,,,,,,,,,,,,,,,,,0,,,,,,,,,,,,,,n/a
8050 3060,2/21/18,25,43,0,68,57,,,,,,,,,,,,0,,,,,,,,,,,,,,n/a
8050 3070,2/21/18,26,44,0,70,61,,,,,,,,,,,,0,,,,,,,,,,,,,,n/a
8050 3079,,,,,,,,,,,,,,,,,,0,,,,,,,,,,,,,,n/a
8050 3089,,,,,,,,,,,,,,,,,,0,,,,,,,,,,,,,,n/a
8050 3099,,,,,,,,,,,,,,,,,,0,,,,,,,,,,,,,,n/a
8050 3118,1/28/21,3,45,0,48,7,,,,2,,1,,,1,,,1,,,,58,,,,,,,,,10,0.53
8050 3166,,,,,,,,,,,,,,,,,,0,,,,,,,,,,,,,,n/a
8050 3215,4/30/21,2,0,1,3,,,,,,,,,,,,,0,,,,1,,,,,,1,,6,0,4.52
8050 3224,,,,,,,,,,,,,,,,,,0,,,,,,,,,,,,,,n/a
8050 3234,,,,,,,,,,,,,,,,,,0,,,,,,,,,,,,,,n/a
8059 2770,9/27/18,4,1,0,5,1,,,,,,,,,,,,0,,,,,,,,,,1,,2,11,2.85
8059 2819,,,,,,,,,,,,,,,,,,0,,,,,,,,,,,,,,n/a
8059 2828,,,,,,,,,,,,,,,,,,0,,,,,,,,,,,,,,n/a
8059 2838,10/7/18,4,4,1,9,5,,,,,,,,,,,,0,,,,,,,,,,17,,,21,1.38
8059 2848,,,,,,,,,,,,,,,,,,0,,,,,,,,,,,,,,n/a
8059 2857,,,,,,,,,,,,,,,,,,0,,,,,,,,,,,,,,n/a
8059 2906,,,,,,,,,,,,,,,,,,0,,,,,,,,,,,,,,n/a
8059 2915,,,,,,,,,,,,,,,,,,0,,,,,,,,,,,,,,n/a
8059 2915,10/31/20,2,30,0,32,,,,,3,,,,,2,,1,3,,,,20,10,,,,,15,,2,19,1.59
8059 2925,7/30/20,6,0,9,15,,,,,,,,,,,,,1,,,,69,,,,,,80,,,1,3.67
8059 2935,,,,,,,,,,,,,,,,,,0,,,,,,,,,,,,,,n/a
8059 2935,4/4/21,9,36,13,58,3,,,3,11,,4,,,3,,,3,1,,,13,,,,,,40,1,,21,0.47
8059 2935,,,,,,,,,,,,,,,,,,0,,,,,,,,,,,,,,n/a
8059 2944,4/4/21,15,27,23,65,4,,,,16,,9,,,1,,1,2,3,,,45,,,,,,43,1,1,12,0.58
8059 2954,6/2/18,26,30,3,59,14,,,,3,,,,,6,,,6,,,,3,,,1,,,,,6,12,1.09
8059 2964,2/20/18,17,4,4,25,25,,,,,,,,,,,,0,,,,,,,,,,,,,,n/a
8059 2973,2/20/18,25,8,23,56,87,,,,,,,,,,,,0,,,,,,,,,,,,,,n/a
8059 2983,10/12/19,11,43,13,67,1,,,,11,,21,,,4,,1,5,,,,7,,,,,,1,1,4,24,0.57
8059 2993,11/4/20,5,49,0,54,,,,,,,5,,,,,18,18,,,,37,,,,,,13,,6,10,0.67
8059 3002,,,,,,,,,,,,,,,,,,0,,,,,,,,,,,,,,n/a
8059 3012,,,,,,,,,,,,,,,,,,0,,,,,,,,,,,,,,n/a
8059 3021,,,,,,,,,,,,,,,,,,0,,,,,,,,,,,,,,n/a
8059 3031,11/11/19,9,38,24,71,,,1,,4,,27,,,4,,3,7,,,,3,,,,,,1,,1,13,1.66
8059 3041,7/27/18,16,45,35,96,3,,2,,2,,,,,,,,0,,,,2,,,,,,,,12,11,2.26
8059 3050,,,,,,,,,,,,,,,,,,0,,,,,,,,,,,,,,n/a
8059 3060,2/21/18,34,39,3,76,54,,,,,,,,,,,,0,,,,,,,,,,,,,,n/a
8059 3070,2/21/18,38,37,0,75,76,,,,,,,,,,,,0,,,,,,,,,,,,,,n/a
8059 3079,4/18/20,6,9,0,15,1,,,,,,3,,,,,,0,,,,17,,,,,,1,,,55,0.20
8059 3224,4/24/21,4,3,0,7,,,,,20,,,,,,,,0,,,,13,,,,,,,,5,21,2.73
8059 3234,,,,,,,,,,,,,,,,,,0,,,,,,,,,,,,,,n/a
8068 2780,,,,,,,,,,,,,,,,,,0,,,,,,,,,,,,,,n/a
8068 2790,,,,,,,,,,,,,,,,,,,,,,,,,,,,,,,,
8068 2799,,,,,,,,,,,,,,,,,,,,,,,,,,,,,,,,
8068 2828,,,,,,,,,,,,,,,,,,0,,,,,,,,,,,,,,n/a
8068 2838,10/9/18,2,4,3,9,,,,,,,,,,,,,0,,,,,,,,,,1,,9,22,1.51
8068 2848,10/9/18,7,2,1,10,4,,,,,,,,,,,,0,,,,,,,,,,10,,4,11,1.59
8068 2857,5/10/18,1,1,0,2,1,,,,,,,,,,,,0,,,,,,,,,,5,,,3,2.34
8068 2867,,,,,,,,,,,,,,,,,,0,,,,,,,,,,,,,,90.00
8068 2877,,,,,,,,,,,,,,,,,,0,,,,,,,,,,,,,,n/a
8068 2886,,,,,,,,,,,,,,,,,,0,,,,,,,,,,,,,,n/a
8068 2896,,,,,,,,,,,,,,,,,,0,,,,,,,,,,,,,,n/a
8068 2906,10/2/19,9,66,30,105,1,,,,28,,12,,,9,,,10,,,,7,,,,,,1,1,25,9,1.52
8068 2915,10/2/19,8,48,24,80,,,2,,17,,11,,,2,,,4,,,,5,12,,,,,2,,19,9,0.94
8068 2925,10/2/19,27,42,15,84,,,1,,29,,21,,,,,,15,,,,18,,,,,,2,,12,9,0.84
8068 2935,1/4/21,12,11,20,43,,,,,10,,7,,,,,,0,2,,,3,,,,,,,,20,19,1.17
8068 2944,1/4/21,21,20,34,75,,,,1,4,,26,,1,4,,,4,11,,,17,,,,,,1,2,37,12,0.88
8068 2954,6/2/18,36,41,4,81,15,,,,1,,,,,6,,,6,,,,4,,,3,,,,,7,11,1.59
8068 2964,12/15/15,47,14,12,73,57,,,,,,,,,,,,0,,,,,,,,,,,,,,n/a
8068 2973,12/15/15,39,7,1,47,40,,,,,,,,,,,,0,,,,,,,,,,,,,,n/a
8068 2983,10/12/19,8,53,21,82,1,,,,16,,17,,2,,,,0,,,,8,,,,,,,1,3,26,0.19
8068 2993,10/19/19,7,61,6,74,1,,4,,3,,24,,2,1,,,1,,,,1,,,,,,1,2,2,17,0.20
8068 3002,6/6/20,1,64,1,66,,,,,,,3,,,,,,0,,,,7,,,,,,43,,,27,0.16
8068 3012,6/6/20,0,49,1,50,,,,,,,8,,,,,,0,,,,3,,,,,2,35,2,1,34,0.18
8068 3021,9/4/17,20,99,7,126,97,,,,,,,,,,,,0,,,,,,,,,,,,,,n/a
8068 3031,11/11/19,6,73,32,111,,,,,17,,30,,,2,,,2,,,,,,,,,,,,9,15,0.06
8068 3041,7/27/18,15,39,26,80,,,,,10,,,,,4,,,4,,,,,,,,,,,,17,30,0.71
8068 3060,4/18/20,6,10,1,17,,,,,,,,,1,,,,0,,,,3,,,,,,13,,,48,0.62
8068 3070,4/18/20,6,9,1,16,,,,,,,,,,,,,0,,,,4,,1,,,,6,1,,65,0.16
8068 3079,,,,,,,,,,,,,,,,,,0,,,,,,,,,,,,,,n/a
8068 3089,,,,,,,,,,,,,,,,,,0,,,,,,,,,,,,,,n/a
8068 3099,4/12/20,4,8,0,12,1,,,,,,,,4,1,,,1,,,,6,,1,,,,5,,,80,0.00
8068 3108,,,,,,,,,,,,,,,,,,0,,,,,,,,,,,,,,n/a
8068 3157,,,,,,,,,,,,,,,,,,0,,,,,,,,,,,,,,n/a
8068 3215,4/30/21,4,0,0,4,,,,,,,3,,,,,,0,,,,15,,,,,,,,,1,3.37
8068 3224,4/24/21,11,11,3,25,1,,,,16,,,,2,,,,0,,,,21,,,,,,,,41,16,1.69
8068 3234,,,,,,,,,,,,,,,,,,0,,,,,,,,,,,,,,n/a
8077 2780,,,,,,,,,,,,,,,,,,,,,,,,,,,,,,,,
8077 2828,,,,,,,,,,,,,,,,,,0,,,,,,,,,,,,,,n/a
8077 2838,10/9/18,0,2,,2,1,,,,,,,,,,,,0,,,,,,,,,,21,,2,35,0.89
8077 2848,8/27/18,2,0,2,4,2,,,,,,,,,,,,0,,,,,,,,,,,1,,23,1.74
8077 2857,4/13/18,19,9,0,28,5,,,,,,,,,1,,,1,,,,,,,,,,9,1,1,15,1.99
8077 2857,,,,,,,,,,,,,,,,,,,,,,,,,,,,,,,,
8077 2857,,,,,,,,,,,,,,,,,,0,,,,,,,,,,,,,,n/a
8077 2867,,,,,,,,,,,,,,,,,,0,,,,,,,,,,,,,,n/a
8077 2877,,,,,,,,,,,,,,,,,,0,,,,,,,,,,,,,,n/a
8077 2886,7/30/15,30,,,30,,,,,,,,,,,,,0,,,,,,,,,,,,,,n/a
8077 2896,7/30/20,6,9,6,21,,,,,,,,,,,,,0,,,,,9,,,,,9,,2,28,2.74
8077 2906,5/29/18,16,41,31,88,18,,,,,,,,,,,,0,,,,5,,,,,,19,,,16,2.38
8077 2915,6/2/18,21,49,34,104,12,,,,,,,,1,,,,0,,,,1,,,,,,,1,4,11,1.35
8077 2925,,,,,,,,,,,,,,,,,,0,,,,,,,,,,,,,,
8077 2925,7/9/19,9,17,1,27,1,,,,8,,,,,,,,0,,,,1,,,,,,,,,52,0.90
8077 2935,7/9/19,9,15,8,32,8,,,,18,,,,,,,,0,,,,1,,,,,,,,11,25,1.89
8077 2944,,,,,,,,,,,,,,,,,,0,,,,,,,,,,,,,,n/a
8077 2954,6/2/18,12,53,4,69,6,,,,,,,,,2,,,2,,,,9,,,,,,,,6,19,0.89
8077 2964,12/15/15,69,23,14,106,68,,,,,,,,,,,,0,,,,,,,,,,,,,,n/a
8077 2973,12/15/15,68,14,7,89,68,,,,,,,,,,,,0,,,,,,,,,,,,,,n/a
8077 2983,5/29/18,35,72,11,118,31,,,,4,,,,,,,,0,,,,2,,,,,,6,,,13,0.63
8077 3002,6/10/19,11,22,20,53,1,,1,,3,,21,,6,,,3,3,,,,,,,,,,1,1,6,34,0.21
8077 3012,6/10/19,6,7,1,14,,,,,,,7,,1,,,,1,,,,,,,,,,,3,,62,0.21
8077 3021,9/4/17,36,99,12,147,151,,,,,,,,,,,,0,,,,,,,,,,,,,,n/a
8077 3031,9/4/17,22,83,11,116,81,,,,,,,,,,,,0,,,,,,,,,,,,,,n/a
8077 3041,9/4/17,17,90,10,117,92,,,,,,,,,,,,0,,,,,,,,,,,,,,n/a
8077 3050,9/4/17,43,85,5,133,87,,,,,,,,,,,,0,,,,,,,,,,,,,,n/a
8077 3060,12/28/19,9,56,7,72,2,,,,50,,18,,1,,,,0,,,,,,,,,,11,,1,7,0.13
8077 3070,12/28/19,10,63,10,83,,,,,61,,21,,1,,,,0,,,,,,,,,,17,,2,8,0.00
8077 3079,,,,,,,,,,,,,,,,,,0,,,,,,,,,,,,,,n/a
8077 3089,4/12/20,8,9,4,21,,,,,,,1,,,,,,0,,,,,,1,,,,8,,1,55,0.29
8077 3099,7/20/20,3,23,2,28,,,,,1,,,,,,,,0,,,,2,,,,,,39,,,46,0.33
8077 3108,,,,,,,,,,,,,,,,,,0,,,,,,,,,,,,,,n/a
8077 3147,10/23/17,61,79,3,143,77,,,,,,,,,,,,0,,,,,,,,,,,,,,n/a
8077 3157,10/23/17,42,66,2,110,69,,,,,,,,,,,,0,,,,,,,,,,,,,,n/a
8077 3215,,,,,,,,,,,,,,,,,,0,,,,,,,,,,,,,,n/a
8077 3224,,,,,,,,,,,,,,,,,,0,,,,,,,,,,,,,,n/a
8077 3234,,,,,,,,,,,,,,,,,,0,,,,,,,,,,,,,,n/a
8086 2761,3/6/18,59,15,0,74,66,,,,,,,,,,,,0,,,,,,,,,,,,,,n/a
8086 2809,,,,,,,,,,,,,,,,,,0,,,,,,,,,,,,,,n/a
8086 2828,7/6/18,11,5,0,16,2,,,,,,,,,,,,0,,,,,,,,,,,,4,10,3.21
8086 2838,,,,,,,,,,,,,,,,,,,,,,,,,,,,,,,,
8086 2838,7/6/18,4,0,0,4,,,,,,,,,,,,,0,,,,,,,,,,,,4,6,2.29
8086 2848,8/27/18,5,1,1,7,3,,,,,,,,,,,,0,,,,,,,,,,,,1,10,2.94
8086 2857,4/13/18,21,21,4,46,6,,,,3,,,,,1,,,1,,,,1,,,,,,28,,2,,2.96
8086 2867,3/14/19,2,1,1,4,3,,,,,,,,,,,,0,,,,,,,,,,,,6,20,1.26
8086 2877,3/14/19,4,3,1,8,9,,,,,,,,,,,,0,,,,,,,,,,,,4,40,1.01
8086 2886,7/30/15,21,,,21,,,,,,,,,,,,,0,,,,,,,,,,,,,,n/a
8086 2896,7/30/15,19,,,19,,,,,,,,,,,,,0,,,,,,,,,,,,,,n/a
8086 2896,9/10/21,3,33,16,52,,,,,6,,1,,,,,,1,,,,9,,,,,,54,2,,22,0.73
8086 2906,5/29/18,22,55,40,117,9,,,,,,,,,,,,0,,,,,,,,,,10,,,15,2.37
8086 2915,6/2/18,24,51,18,93,5,,,,1,,,,,,,,0,,,,2,,,,,,,,8,3,1.97
8086 2925,9/20/15,35,,,35,,,,,,,,,,,,,0,,,,,,,,,,,,,,n/a
8086 2925,,,,,,,,,,,,,,,,,,0,,,,,,,,,,,,,,n/a
8086 2935,2/13/18,20,17,27,64,80,,,,,,,,,,,,0,,,,,,,,,,,,,,n/a
8086 2944,6/5/16,28,19,12,59,67,,,,,,,,,,,,0,,,,,,,,,,,,,,n/a
8086 2944,,,,,,,,,,,,,,,,,,0,,,,,,,,,,,,,,n/a
8086 2954,,,,,,,,,,,,,,,,,,0,,,,,,,,,,,,,,n/a
8086 2964,2/5/19,10,23,1,34,5,,,,,,,,,,,,2,,,,,,,,,,45,,1,21,1.62
8086 2973,,,,,,,,,,,,,,,,,,0,,,,,,,,,,,,,,n/a
8086 2973,12/15/15,44,13,7,64,47,,,,,,,,,,,,0,,,,,,,,,,,,,,n/a
8086 2983,5/29/18,35,74,49,158,27,,,,4,,,,1,,,,0,,,,,,,,,,1,,,6,1.46
8086 2983,,,,,,,,,,,,,,,,,,0,,,,,,,,,,,,,,n/a
8086 2983,,,,,,,,,,,,,,,,,,0,,,,,,,,,,,,,,
8086 2993,6/21/19,13,17,18,48,,,,,,,9,,2,,,,0,,,,,,,,,,,2,4,42,0.50
8086 3002,,,,,,,,,,,,,,,,,,0,,,,,,,,,,,,,,n/a
8086 3012,4/7/18,29,46,21,96,42,,,,12,,,,,2,,,2,,,,8,,,,,,8,4,,19,0.88
8086 3021,4/7/18,33,46,31,110,29,,,,1,,,,6,3,,,3,,,,24,,,3,,,1,,,12,0.95
8086 3031,1/6/21,14,31,21,66,,,,,9,,5,,,,,,0,,,,9,,,,,,,,1,33,0.42
8086 3041,9/7/17,27,87,20,134,80,,,,,,,,,,,,0,,,,,,,,,,,,,,n/a
8086 3050,12/14/17,51,33,19,103,71,,,,,,,,,,,,0,,,,,,,,,,,,,,n/a
8086 3060,12/14/17,44,32,26,102,80,,,,,,,,,,,,0,,,,,,,,,,,,,,n/a
8086 3070,11/7/18,23,46,14,83,3,,,,16,,,,1,,,,0,,,,,,,,,,8,,3,11,0.57
8086 3079,11/7/18,9,16,5,30,3,,,,4,,,,,,,,0,,,,,,,,,,,,,26,1.32
8086 3089,2/1/20,1,18,8,27,,,3,,41,,3,,1,,,,0,1,,,,,,,,,50,,8,14,1.23
8086 3099,2/1/20,5,47,8,60,,,,,33,,9,,3,,,,0,,,,1,,,,,,50,,,20,0.54
8086 3108,2/1/20,3,35,4,42,,,,,37,,,,1,,,,0,,,,,,,,,,35,,5,24,0.21
8086 3118,3/7/18,27,16,3,46,10,,,,,,,,,,,,0,,,,,,,,,,,,,,n/a
8086 3128,3/6/18,45,14,5,64,25,,,,,,,,,,,,0,,,,,,,,,,,,,,n/a
8086 3137,,,,,,,,,,,,,,,,,,0,,,,,,,,,,,,,,n/a
8086 3147,,,,,,,,,,,,,,,,,,,,,,,,,,,,,,,,
8086 3147,10/23/17,53,52,2,107,64,,,,,,,,,,,,0,,,,,,,,,,,,,,n/a
8086 3157,10/23/17,45,80,4,129,51,,,,,,,,,,,,0,,,,,,,,,,,,,,n/a
8086 3215,,,,,,,,,,,,,,,,,,0,,,,,,,,,,,,,,n/a
8086 3224,,,,,,,,,,,,,,,,,,0,,,,,,,,,,,,,,n/a
8086 3234,,,,,,,,,,,,,,,,,,0,,,,,,,,,,,,,,n/a
8095 2761,3/6/18,48,16,0,64,33,,,,,,,,,,,,0,,,,,,,,,,,,,,n/a
8095 2790,,,,,,,,,,,,,,,,,,,,,,,,,,,,,,,,
8095 2809,,,,,,,,,,,,,,,,,,0,,,,,,,,,,,,,,n/a
8095 2819,,,,,,,,,,,,,,,,,,0,,,,,,,,,,,,,,n/a
8095 2828,7/6/18,18,10,4,32,4,,,,,,,,,,,,0,,,,,,,1,,,,,11,16,1.65
8095 2838,7/6/18,10,8,6,24,1,,,,,,,,,,,,0,,,,,,,,,,,,6,3,3.56
8095 2848,,,,,,,,,,,,,,,,,,0,,,,,,,,,,,,,,n/a
8095 2857,4/13/18,16,23,9,48,7,,,,6,,,,,6,,,6,,,,1,,,1,,,25,,4,27,0.67
8095 2857,,,,,,,,,,,,,,,,,,0,,,,,,,,,,,,,,n/a
8095 2867,2/19/20,1,11,0,12,,,,,8,,4,,,,,,0,,,,,,,,,,17,,,55,0.79
8095 2877,7/30/15,7,,,7,,,,,,,,,,,,,0,,,,,,,,,,,,,,n/a
8095 2886,,,,,,,,,,,,,,,,,,0,,,,,,,,,,,,,,n/a
8095 2886,,,,,,,,,,,,,,,,,,0,,,,,,,,,,,,,,n/a
8095 2896,7/30/15,10,,,10,,,,,,,,,,,,,0,,,,,,,,,,,,,,n/a
8095 2896,9//10/21,6,49,11,66,,,,,,,3,,,,,,0,,,,6,,,,,,64,,5,30,0.90
8095 2906,8/27/18,34,24,60,118,13,,,,,,,,,,,,0,,,,,,,2,,,,,33,10,1.16
8095 2915,,,,,,,,,,,,,,,,,,0,,,,,,,,,,,,,,n/a
8095 2915,,,,,,,,,,,,,,,,,,,,,,,,,,,,,,,,
8095 2915,,,,,,,,,,,,,,,,,,0,,,,,,,,,,,,,,n/a
8095 2915,,,,,,,,,,,,,,,,,,0,,,,,,,,,,,,,,n/a
8095 2925,,,,,,,,,,,,,,,,,,0,,,,,,,,,,,,,,n/a
8095 2925,,,,,,,,,,,,,,,,,,0,,,,,,,,,,,,,,n/a
8095 2935,2/7/18,30,16,13,59,105,,,,,,,,,,,,0,,,,,,,,,,,,,,n/a
8095 2944,2/13/18,40,34,28,102,74,,,,,,,,,,,,0,,,,,,,,,,,,,,n/a
8095 2954,,,,,,,,,,,,,,,,,,0,,,,,,,,,,,,,,n/a
8095 2954,12/15/15,36,13,9,58,60,,,,,,,,,,,,0,,,,,,,,,,,,,,n/a
8095 2964,1/5/21,2,4,5,11,,,,,2,,5,,,,,,0,,,,1,,,,,,1,,6,57,0.33
8095 2964,11/7/15,20,7,6,33,50,,,,,,,,,,,,0,,,,,,,,,,,,,,n/a
8095 2973,3/3/22,3,12,1,16,1,,,,,,1,,,,,,0,,,,,,,,,,8,,1,52,0.70
8095 2973,12/15/15,31,13,12,56,45,,,,,,,,,,,,0,,,,,,,,,,,,,,n/a
8095 2983,5/29/18,34,61,33,128,22,,,,,,,,,,,,0,,,,1,,,,,,1,,,14,0.70
8095 2993,6/10/19,9,10,6,25,1,,,,,,11,,,,,,0,,,,,,,,,,,,1,55,0.45
8095 3002,10/27/17,36,53,27,116,105,,,,,,,,,,,,0,,,,,,,,,,,,,,n/a
8095 3012,4/7/18,26,43,27,96,12,,,,1,,,,1,2,,,2,,,,21,,,3,,,7,,1,18,1.10
8095 3012,,,,,,,,,,,,,,,,,,0,,,,,,,,,,,,,,
8095 3021,4/7/18,33,53,26,112,28,,,,2,,,,2,6,,,6,,,,1,,,3,,,24,,12,13,1.27
8095 3031,8/27/18,41,20,25,86,25,,,,4,,,,,,,,0,,,,,,,2,,,,,5,19,0.58
8095 3031,,,,,,,,,,,,,,,,,,0,,,,,,,,,,,,,,
8095 3041,8/27/18,26,17,24,67,23,,,,1,,,,1,,,,0,,,,,,,1,,,,,1,15,2.37
8095 3041,,,,,,,,,,,,,,,,,,0,,,,,,,,,,,,,,
8095 3050,12/14/17,50,28,44,122,106,,,,,,,,,,,,0,,,,,,,,,,,,,,n/a
8095 3060,12/14/17,30,15,14,59,40,,,,,,,,,,,,0,,,,,,,,,,,,,,n/a
8095 3070,11/7/18,29,47,15,91,9,,,,22,,,,,,,,3,,,,,,,,,,23,,1,5,1.33
8095 3079,11/7/18,26,33,9,68,9,,,,15,,,,,,,,2,,,,,,,,,,17,,,10,1.57
8095 3089,,,,,,,,,,,,,,,,,,0,,,,,,,,,,,,,,n/a
8095 3099,12/10/18,14,44,39,97,7,,1,,21,,,,,,,,0,,,,,,,,,,45,,3,2,1.64
8095 3108,12/10/18,8,42,33,83,3,,,,9,,,,,,,,0,,,,,,,,,,36,,1,18,0.80
8095 3118,3/6/18,21,33,10,64,2,,,,,,,,,,,,0,,,,,,,,,,,,,,n/a
8095 3128,3/6/18,34,13,3,50,40,,,,,,,,,,,,0,,,,,,,,,,,,,,n/a
8095 3215,,,,,,,,,,,,,,,,,,0,,,,,,,,,,,,,,n/a
8095 3224,,,,,,,,,,,,,,,,,,0,,,,,,,,,,,,,,n/a
8095 3234,,,,,,,,,,,,,,,,,,0,,,,,,,,,,,,,,n/a
8104 2809,,,,,,,,,,,,,,,,,,0,,,,,,,,,,,,,,n/a
8104 2819,,,,,,,,,,,,,,,,,,0,,,,,,,,,,,,,,n/a
8104 2828,7/6/18,21,16,3,40,2,,,,,,,,,,,,0,,,,,,,,,,,,16,10,2.47
8104 2838,7/6/18,46,34,35,115,2,,,,,,,,,,,,0,,,,,,,,,,,1,45,7,3.42
8104 2848,4/7/18,15,19,13,47,8,,,,5,,,,,9,,,9,,,,,,,1,,,12,,2,31,1.08
8104 2857,4/7/18,22,19,13,54,6,,,,4,,,,,9,,,9,,,,1,,,,,,7,3,3,47,0.33
8104 2867,2/19/20,1,32,23,56,,,1,,10,,23,,,,,,0,,,,,,,,,,47,,2,26,0.91
8104 2877,7/30/15,4,,,4,,,,,,,,,,,,,0,,,,,,,,,,,,,,n/a
8104 2886,7/30/15,11,,,11,,,,,,,,,,,,,0,,,,,,,,,,,,,,n/a
8104 2886,9/10/21,3,41,21,65,,,,,,,14,,,,,,0,,,,2,,,,,,51,,,21,1.44
8104 2896,2/10/21,16,46,48,110,,,,,51,,32,,,,,,0,,,,,,,,,,87,,3,14,0.74
8104 2906,,,,,,,,,,,,,,,,,,0,,,,,,,,,,,,,,n/a
8104 2906,,,,,,,,,,,,,,,,,,,,,,,,,,,,,,,,
8104 2906,,,,,,,,,,,,,,,,,,0,,,,,,,,,,,,,,n/a
8104 2906,,,,,,,,,,,,,,,,,,0,,,,,,,,,,,,,,n/a
8104 2915,,,,,,,,,,,,,,,,,,0,,,,,,,,,,,,,,n/a
8104 2915,4/30/19,24,30,19,73,,,,,,,6,,1,,,,0,,,,,,,,,,,,17,11,3.87
8104 2935,2/7/18,46,15,27,88,72,,,,,,,,,,,,0,,,,,,,,,,,,,,n/a
8104 2944,2/13/18,49,21,25,95,64,,,,,,,,,,,,0,,,,,,,,,,,,,,n/a
8104 2954,1/4/21,8,8,5,21,,,,,6,,9,,,,,,1,,,,,,,,,,1,,19,47,0.45
8104 2954,12/15/15,32,14,11,57,45,,,,,,,,,,,,0,,,,,,,,,,,,,,n/a
8104 2964,11/7/15,24,5,1,30,44,,,,,,,,,,,,0,,,,,,,,,,,,,,n/a
8104 2983,12/20/15,34,7,48,89,67,,,,,,,,,,,,0,,,,,,,,,,,,,,n/a
8104 2983,11/28/20,22,33,14,69,3,,,,4,,1,,1,2,,2,4,,,,,,,,,,4,,3,30,0.26
8104 2993,3/9/10,2,42,5,49,,,,,9,,3,,,,,,0,,,,,,,,,,57,,2,24,0.34
8104 2993,12/20/15,24,5,29,58,44,,,,,,,,,,,,0,,,,,,,,,,,,,,n/a
8104 3002,3/20/20,5,30,31,66,,,,,9,,1,,,,,,0,1,,,,,,,,,48,,,32,0.43
8104 3002,12/20/15,29,7,19,55,42,,,,,,,,,,,,0,,,,,,,,,,,,,,n/a
8104 3012,10/31/17,27,52,17,96,63,,,,,,,,,,,,0,,,,,,,,,,,,,,n/a
8104 3021,,,,,,,,,,,,,,,,,,0,,,,,,,,,,,,,,
8104 3021,12/20/15,5,1,4,10,7,,,,,,,,,,,,0,,,,,,,,,,,,,,n/a
8104 3031,7/27/18,21,13,36,70,1,,,,,,,,,,,,0,,,,,,,,,,,,33,16,1.64
8104 3041,7/27/18,38,31,9,78,,,,,,,,,,45,,,45,,,,,,,,,,1,,17,26,0.66
8104 3050,4/23/16,26,4,48,78,46,,,,,,,,,,,,0,,,,,,,,,,,,,,n/a
8104 3060,4/23/16,25,6,24,55,47,,,,,,,,,,,,0,,,,,,,,,,,,,,n/a
8104 3070,1/6/18,36,11,21,68,80,,,,,,,,,,,,0,,,,,,,,,,,,,,n/a
8104 3079,1/6/18,39,11,14,64,71,,,,,,,,,,,,0,,,,,,,,,,,,,,n/a
8104 3089,3/6/18,61,13,9,83,26,,,,,,,,,,,,0,,,,,,,,,,,,,,n/a
8104 3099,3/6/18,26,20,31,77,8,,,,,,,,,,,,0,,,,,,,,,,,,,,n/a
8104 3108,2/27/17,24,29,22,75,79,,,,,,,,,,,,0,,,,,,,,,,,,,,n/a
8104 3118,,,,,,,,,,,,,,,,,,0,,,,,,,,,,,,,,n/a
8104 3118,,,,,,,,,,,,,,,,,,0,,,,,,,,,,,,,,n/a
8104 3147,,,,,,,,,,,,,,,,,,,,,,,,,,,,,,,,
8104 3128,,,,,,,,,,,,,,,,,,0,,,,,,,,,,,,,,n/a
8104 3128,,,,,,,,,,,,,,,,,,0,,,,,,,,,,,,,,n/a
8113 2809,,,,,,,,,,,,,,,,,,0,,,,,,,,,,,,,,n/a
8113 2819,,,,,,,,,,,,,,,,,,0,,,,,,,,,,,,,,n/a
8113 2828,,,,,,,,,,,,,,,,,,0,,,,,,,,,,,,,,n/a
8113 2828,,,,,,,,,,,,,,,,,,0,,,,,,,,,,,,,,n/a
8113 2838,,,,,,,,,,,,,,,,,,0,,,,,,,,,,,,,,n/a
8113 2848,4/7/18,12,18,15,45,4,,,,15,,,,,6,,,6,,,,,,,,,,1,,9,44,0.33
8113 2848,,,,,,,,,,,,,,,,,,,,,,,,,,,,,,,,
8113 2857,4/7/18,16,14,15,45,9,,,,11,,,,,6,,,6,,,,1,,,,,,1,,4,35,0.72
8113 2857,,,,,,,,,,,,,,,,,,,,,,,,,,,,,,,,
8113 2867,2/5/19,3,12,9,24,3,,,,3,,,,,,,,0,,,,,,,,,,,,1,4,3.53
8113 2877,7/30/15,11,,,11,,,,,,,,,,,,,0,,,,,,,,,,,,,,n/a
8113 2877,12/18/21,3,25,21,49,,,,,,,18,,,,,,0,,,,,,,,,,40,,,18,2.44
8113 2886,7/30/15,11,,,11,,,,,,,,,,,,,0,,,,,,,,,,,,,,n/a
8113 2886,12/18/21,4,36,27,67,,,,,,,16,,,,,1,1,1,,,,,,,,,45,,1,13,2.18
8113 2896,2/10/21,12,28,25,65,,,,,28,,9,,,,,,0,,,,,,,,,,54,,4,32,0.36
8113 2896,,,,,,,,,,,,,,,,,,,,,,,,,,,,,,,,
8113 2906,11/12/18,29,24,8,61,22,,1,,,,,,,,,,7,,,,,,,,,,1,,9,8,2.20
8113 2906,,,,,,,,,,,,,,,,,,,,,,,,,,,,,,,,
8113 2915,4/30/19,17,35,30,82,,,,,,,4,,,,,,1,,,,,,,,,,,,20,12,3.62
8113 2915,10/2/21,16,45,38,99,,,,,20,,20,,,1,1,,2,,,,,,,,,,93,,1,3,0.80
8113 2915,,,,,,,,,,,,,,,,,,,,,,,,,,,,,,,,
8113 2925,,,,,,,,,,,,,,,,,,0,,,,,,,,,,,,,,n/a
8113 2925,,,,,,,,,,,,,,,,,,,,,,,,,,,,,,,,
8113 2935,2/7/18,35,17,26,78,63,,,,,,,,,,,,0,,,,,,,,,,,,,,n/a
8113 2944,2/13/18,28,6,7,41,46,,,,,,,,,,,,0,,,,,,,,,,,,,,n/a
8113 2954,,,,,,,,,,,,,,,,,,0,,,,,,,,,,,,,,n/a
8113 2964,3/14/19,37,11,12,60,22,,,,,,,,,,,,0,,,,,,,,,,,1,9,15,1.50
8113 2973,,19,1,16,36,23,,,,,,,,,,,,0,,,,,,,,,,,,,,n/a
8113 2973,10/6/21,4,27,1,32,,,,,,,3,,,,,,0,,,,,,,,,,44,,1,57,0.05
8113 2983,,,,,,,,,,,,,,,,,,0,,,,,,,,,,,,,,
8113 2983,12/29/15,33,3,36,72,62,,,,,,,,,,,,0,,,,,,,,,,,,,,n/a
8113 2993,12/1/15,33,3,12,48,34,,,,,,,,,,,,0,,,,,,,,,,,,,,n/a
8113 3002,,,,,,,,,,,,,,,,,,0,,,,,,,,,,,,,,
8113 3002,12/1/15,17,10,14,41,39,,,,,,,,,,,,0,,,,,,,,,,,,,,n/a
8113 3012,,,,,,,,,,,,,,,,,,0,,,,,,,,,,,,,,n/a
8113 3012,3/20/20,14,31,35,80,,,,,3,,,,,,,,0,,,,,,,,,,64,,,23,0.43
8113 3012,10/31/17,39,54,46,139,65,,,,,,,,,,,,0,,,,,,,,,,,,,,n/a
8113 3021,,,,,,,,,,,,,,,,,,0,,,,,,,,,,,,,,n/a
8113 3021,,,,,,,,,,,,,,,,,,,,,,,,,,,,,,,,
8113 3031,7/27/18,16,23,44,83,1,,,,,,,,,,,,0,,,,,,,,,,,,49,15,1.41
8113 3041,7/27/18,29,36,46,111,,,,,1,,,,,40,,,40,,,,,,,,,,,,7,21,1.08
8113 3050,4/23/16,19,4,31,54,41,,,,,,,,,,,,0,,,,,,,,,,,,,,n/a
8113 3060,,,,,,,,,,,,,,,,,,0,,,,,,,,,,,,,,n/a
8113 3060,,,,,,,,,,,,,,,,,,0,,,,,,,,,,,,,,n/a
8113 3070,4/23/16,30,2,11,43,38,,,,,,,,,,,,0,,,,,,,,,,,,,,n/a
8113 3079,1/6/18,36,14,31,81,108,,,,,,,,,,,,0,,,,,,,,,,,,,,n/a
8113 3089,5/11/16,27,6,19,52,26,,,,,,,,,,,,0,,,,,,,,,,,,,,n/a
8113 3099,9/9/17,41,71,62,174,105,,,,,,,,,,,,0,,,,,,,,,,,,,,n/a
8113 3108,9/9/17,56,83,69,208,109,,,,,,,,,,,,0,,,,,,,,,,,,,,n/a
8113 3118,2/27/17,29,24,64,117,106,,,,,,,,,,,,0,,,,,,,,,,,,,,n/a
8113 3128,2/27/17,26,11,12,49,72,,,,,,,,,,,,0,,,,,,,,,,,,,,n/a
8122 2819,,,,,,,,,,,,,,,,,,0,,,,,,,,,,,,,,n/a
8122 2828,,,,,,,,,,,,,,,,,,0,,,,,,,,,,,,,,n/a
8122 2838,,,,,,,,,,,,,,,,,,0,,,,,,,,,,,,,,n/a
8122 2848,,,,,,,,,,,,,,,,,,0,,,,,,,,,,,,,,n/a
8122 2848,,,,,,,,,,,,,,,,,,0,,,,,,,,,,,,,,n/a
8122 2857,,,,,,,,,,,,,,,,,,0,,,,,,,,,,,,,,n/a
8122 2857,,,,,,,,,,,,,,,,,,0,,,,,,,,,,,,,,n/a
8122 2867,2/5/19,4,19,43,66,8,,,,,,,,,,,,0,,,,,,,,,,,,2,2,3.96
8122 2877,,,,,,,,,,,,,,,,,,0,,,,,,,,,,,,,,n/a
8122 2877,12/18/21,4,41,34,79,33,,,,,,,,,,,2,2,,,,,,,,,,53,,2,15,2.46
8122 2886,7/30/15,38,,,38,,,,,,,,,,,,,0,,,,,,,,,,,,,,n/a
8122 2886,12/31/21,7,22,39,68,,,,,,,7,,,,,,0,,,,,,,,,,71,,,8,1.60
8122 2896,3/1/22,8,13,80,101,,,,,,,1,,,,,,0,,,,,,,,,,69,,1,13,0.20
8122 2896,7/30/15,21,,,21,,,,,,,,,,,,,0,,,,,,,,,,,,,,n/a
8122 2906,2/5/19,14,4,16,34,18,,,,,,,,,,,,0,,,,,,,,,,,,8,30,1.02
8122 2906,,,,,,,,,,,,,,,,,,,,,,,,,,,,,,,,
8122 2915,2/5/19,11,5,32,48,20,,,,,,,,,,,,0,,,,,,,,,,,1,15,32,1.52
8122 2915,,,,,,,,,,,,,,,,,,,,,,,,,,,,,,,,
8122 2925,11/12/18,25,20,31,76,24,,,,,,,,,,,,11,,,,,,,,,,,1,13,16,0.91
8122 2925,,,,,,,,,,,,,,,,,,,,,,,,,,,,,,,,
8122 2935,11/8/18,38,43,46,127,28,,,,,,,,,,,,6,,,,,,,,,,,1,30,5,1.50
8122 2935,,,,,,,,,,,,,,,,,,,,,,,,,,,,,,,,
8122 2944,2/15/18,31,20,27,78,58,,,,,,,,,,,,0,,,,,,,,,,,,,,n/a
8122 2954,12/1/15,12,1,7,20,19,,,,,,,,,,,,0,,,,,,,,,,,,,,n/a
8122 2964,2/22/22,3,21,5,29,,,,,,,,,,,,,0,,,,,,,,,,23,,,52,0.41
8122 2973,12/1/15,14,0,19,33,26,,,,,,,,,,,,0,,,,,,,,,,,,,,n/a
8122 2973,10/6/21,0,26,21,47,,,,,,,4,,,,,,0,,,,,,,,,,69,,,18,0.05
8122 2983,,,,,,,,,,,,,,,,,,0,,,,,,,,,,,,,,
8122 2983,11/20/16,35,20,38,93,51,,,,,,,,,,,,0,,,,,,,,,,,,,,n/a
8122 2993,12/1/15,18,2,27,47,33,,,,,,,,,,,,0,,,,,,,,,,,,,,n/a
8122 3002,,,,,,,,,,,,,,,,,,0,,,,,,,,,,,,,,n/a
8122 3012,12/1/15,2,0,0,2,0.0,,,,,,,,,,,,0,,,,,,,,,,,,,,n/a
8122 3012,,,,,,,,,,,,,,,,,,0,,,,,,,,,,,,,,
8122 3021,3/15/21,8,28,7,43,2,,,,3,,13,,,1,,,1,,,,,,,,,,,,25,16,1.48
8122 3031,,,,,,,,,,,,,,,,,,0,,,,,,,,,,,,,,n/a
8122 3031,,,,,,,,,,,,,,,,,,,,,,,,,,,,,,,,
8122 3031,,,,,,,,,,,,,,,,,,,,,,,,,,,,,,,,
8122 3041,,,,,,,,,,,,,,,,,,0,,,,,,,,,,,,,,n/a
8122 3041,,,,,,,,,,,,,,,,,,,,,,,,,,,,,,,,
8122 3050,2/28/16,22,2,26,50,33,,,,,,,,,,,,0,,,,,,,,,,,,,,n/a
8122 3050,,,,,,,,,,,,,,,,,,0,,,,,,,,,,,,,,n/a
8122 3060,4/23/16,25,1,31,57,35,,,,,,,,,,,,0,,,,,,,,,,,,,,n/a
8122 3070,4/23/16,26,3,27,56,42,,,,,,,,,,,,0,,,,,,,,,,,,,,n/a
8122 3079,3/19/16,27,0,23,50,20,,,,,,,,,,,,0,,,,,,,,,,,,,,n/a
8122 3079,10/26/19,4,27,21,52,1,,,,27,,25,,,,,,0,,,,,,,,,,4,,14,12,1.30
8122 3089,2/20/21,18,25,13,56,,,,,36,,7,,1,,,,0,,,,,,9,,,,34,,,24,1.38
8122 3089,6/5/16,26,2,28,56,38,,,,,,,,,,,,0,,,,,,,,,,,,,,n/a
8122 3099,9/9/17,51,74,77,202,117,,,,,,,,,,,,0,,,,,,,,,,,,,,n/a
8122 3108,,,,,,,,,,,,,,,,,,0,,,,,,,,,,,,,,n/a
8122 3118,7/13/16,,,,,,,,,,,,,,,,,0,,,,,,,,,,,,,,n/a
8122 3128,2/27/17,38,13,24,75,91,,,,,,,,,,,,0,,,,,,,,,,,,,,n/a
8122 3137,,,,,,,,,,,,,,,,,,0,,,,,,,,,,,,,,n/a
8122 3137,,,,,,,,,,,,,,,,,,0,,,,,,,,,,,,,,n/a
8122 3147,,,,,,,,,,,,,,,,,,,,,,,,,,,,,,,,
8122 3157,,,,,,,,,,,,,,,,,,,,,,,,,,,,,,,,
8131 2857,,,,,,,,,,,,,,,,,,0,,,,,,,,,,,,,,n/a
8131 2867,,25,,,25,,,,,,,,,,,,,0,,,,,,,,,,,,,,n/a
8131 2877,7/30/15,6,,,6,,,,,,,,,,,,,0,,,,,,,,,,,,,,n/a
8131 2877,6/11/21,1,37,62,100,,,,,27,,,,,,,1,1,,,,,,,,,,52,,25,6,2.08
8131 2877,,,,,,,,,,,,,,,,,,,,,,,,,,,,,,,,
8131 2886,,,,,,,,,,,,,,,,,,0,,,,,,,,,,,,,,n/a
8131 2886,6/20/15,30,,,30,,,,,,,,,,,,,0,,,,,,,,,,,,,,n/a
8131 2886,,,,,,,,,,,,,,,,,,0,,,,,,,,,,,,,,n/a
8131 2886,,,,,,,,,,,,,,,,,,0,,,,,,,,,,,,,,n/a
8131 2886,,,,,,,,,,,,,,,,,,,,,,,,,,,,,,,,
8131 2896,7/30/15,0,,,,,,,,,,,,,,,,0,,,,,,,,,,,,,,n/a
8131 2896,,,,,,,,,,,,,,,,,,0,,,,,,,,,,,,,,n/a
8131 2896,,,,,,,,,,,,,,,,,,,,,,,,,,,,,,,,
8131 2896,,,,,,,,,,,,,,,,,,0,,,,,,,,,,,,,,n/a
8131 2906,2/5/19,9,5,29,43,10,,,,,,,,,,,,0,,,,,,,,,,,,,34,0.69
8131 2906,,,,,,,,,,,,,,,,,,,,,,,,,,,,,,,,
8131 2915,,,,,,,,,,,,,,,,,,0,,,,,,,,,,,,,,n/a
8131 2925,,,,,,,,,,,,,,,,,,,,,,,,,,,,,,,,
8131 2925,11/8/18,27,19,19,65,14,,,,,,,,,,,,9,,,,,,,,,,,,25,15,0.88
8131 2935,,,,,,,,,,,,,,,,,,,,,,,,,,,,,,,,
8131 2935,11/8/18,26,14,18,58,14,,,,,,,,,,,,3,,,,,,,,,,,,25,12,2.74
8131 2944,11/28/21,2,6,34,42,,,,,,,,,,,,,0,,,,,,,,,,29,,,35,0.40
8131 2944,,,,,,,,,,,,,,,,,,0,,,,,,,,,,,,,,n/a
8131 2944,,,,,,,,,,,,,,,,,,0,,,,,,,,,,,,,,n/a
8131 2954,2/20/18,27,7,32,66,52,,,,,,,,,,,,0,,,,,,,,,,,,,,n/a
8131 2964,2/20/18,34,23,59,116,67,,,,,,,,,,,,0,,,,,,,,,,,,,,n/a
8131 2973,11/20/16,32,23,66,121,58,,,,,,,,,,,,0,,,,,,,,,,,,,,1.00
8131 2983,12/20/15,36,5,60,101,47,,,,,,,,,,,,0,,,,,,,,,,,,,,n/a
8131 2993,11/7/15,46,10,23,79,55,,,,,,,,,,,,0,,,,,,,,,,,,,,n/a
8131 2993,,,,,,,,,,,,,,,,,,0,,,,,,,,,,,,,,
8131 3002,,,,,,,,,,,,,,,,,,0,,,,,,,,,,,,,,n/a
8131 3012,3/15/21,8,26,3,37,1,,,,18,,19,,,,,,0,,,,,,,,,,1,,27,12,2.40
8131 3012,,,,,,,,,,,,,,,,,,0,,,,,,,,,,,,,,n/a
8131 3021,3/15/21,6,28,8,42,1,,,,9,,,,,,,,0,,,,,,,,1,,,,5,39,0.62
8131 3021,12/20/15,18,7,30,55,37,,,,,,,,,,,,0,,,,,,,,,,,,,,n/a
8131 3031,,,,,,,,,,,,,,,,,,0,,,,,,,,,,,,,,n/a
8131 3041,2/24/16,6,0,30,36,32,,,,,,,,,,,,0,,,,,,,,,,,,,,n/a
8131 3041,,,,,,,,,,,,,,,,,,0,,,,,,,,,,,,,,n/a
8131 3050,,,,,,,,,,,,,,,,,,0,,,,,,,,,,,,,,n/a
8131 3050,,,,,,,,,,,,,,,,,,0,,,,,,,,,,,,,,n/a
8131 3050a,,,,,,,,,,,,,,,,,,0,,,,,,,,,,,,,,n/a
8131 3060,2/28/16,29,2,42,73,40,,,,,,,,,,,,0,,,,,,,,,,,,,,n/a
8131 3060,,,,,,,,,,,,,,,,,,0,,,,,,,,,,,,,,n/a
8131 3060,,,,,,,,,,,,,,,,,,0,,,,,,,,,,,,,,n/a
8131 3070,3/19/16,18,0,28,46,21,,,,,,,,,,,,0,,,,,,,,,,,,,,n/a
8131 3079,9/30/20,7,42,17,66,,,,,57,,3,,,,,1,1,,,,,,,,,,54,,6,11,0.08
8131 3079,,,,,,,,,,,,,,,,,,0,,,,,,,,,,,,,,n/a
8131 3089,,,,,,,,,,,,,,,,,,0,,,,,,,,,,,,,,n/a
8131 3099,2/20/21,5,36,30,71,,,,,16,,4,,,,,,0,,,,,,2,,,,26,,,31,0.28
8131 3099,7/13/16,,,,,,,,,,,,,,,,,0,,,,,,,,,,,,,,n/a
8131 3108,7/13/16,,,,,,,,,,,,,,,,,0,,,,,,,,,,,,,,n/a
8131 3108,,,,,,,,,,,,,,,,,,0,,,,,,,,,,,,,,n/a
8131 3118,,,,,,,,,,,,,,,,,,,,,,,,,,,,,,,,
8131 3128,,,,,,,,,,,,,,,,,,,,,,,,,,,,,,,,
8131 3147,,,,,,,,,,,,,,,,,,,,,,,,,,,,,,,,
8131 3157,,,,,,,,,,,,,,,,,,0,,,,,,,,,,,,,,n/a
8131 3157,,,,,,,,,,,,,,,,,,0,,,,,,,,,,,,,,n/a
8131 3195,6/2/21,2,16,6,24,,,,,,,,,,,,,0,,,,,,,,,,15,,2,30,1.26
8140 2886,6/11/21,0,10,32,42,,,,,,,14,,,1,,,1,,,,,,,,,,8,,9,5,8.15
8140 2906,10/2/21,0,44,99,143,,,,,,,18,,,1,,,1,,,,,,,,,,81,,8,1,0.00
8140 2906,,,,,,,,,,,,,,,,,,0,,,,,,,,,,,,,,n/a
8140 2906,,,,,,,,,,,,,,,,,,0,,,,,,,,,,,,,,n/a
8140 2935,5/4/19,5,5,44,54,,,,,,,,,,,,,0,,,,,,,,,,,,22,15,0.00
8140 2935,5/1/21,1,38,58,97,,,,,,,3,,,,,,0,,,,,,,,,,26,,3,12,0.55
8140 2944,5/7/19,8,9,40,57,1,,,,,,21,,,,,,0,,,,,,,,,,,,19,29,0.96
8140 2954,2/15/18,36,20,63,119,73,,,,,,,,,,,,0,,,,,,,,,,,,,,n/a
8140 2954,,,,,,,,,,,,,,,,,,,,,,,,,,,,,,,,
8140 2964,2/20/18,38,22,60,120,61,,,,,,,,,,,,0,,,,,,,,,,,,,,n/a
8140 2964,,,,,,,,,,,,,,,,,,0,,,,,,,,,,,,,,n/a
8140 2964,11/28/21,0,25,61,86,,,,,,,28,,,1,,,1,,,,,,,,,,68,,,18,0.11
8140 2973,,,,,,,,,,,,,,,,,,0,,,,,,,,,,,,,,n/a
8140 2973,1/3/20,8,47,87,142,8,,,,,,38,,,,,,0,,,,,,,,,,6,,,19,0.00
8140 2973,,,,,,,,,,,,,,,,,,,,,,,,,,,,,,,,
8140 2983,1/3/20,1,46,75,122,1,,,,2,,49,,,2,,3,5,,,,,,,,,,2,,1,13,0.14
8140 2983,4/23/16,8,1,14,23,17,,,,,,,,,,,,0,,,,,,,,,,,,,,n/a
8140 2993,7/30/15,8,,,8,,,,,,,,,,,,,0,,,,,,,,,,,,,,n/a
8140 2993,1/3/20,8,38,56,102,,,,,2,,45,,,,,2,2,,,,,,,,,,,,3,27,0.16
8140 3002,1/3/20,3,35,39,77,,,,,1,,27,,,,,,0,,,,,,,,,,6,,1,23,1.12
8140 3002,12/20/15,22,0,41,63,34,,,,,,,,,,,,0,,,,,,,,,,,,,,n/a
8140 3012,1/23/20,1,25,18,44,,,,,5,,12,,,,,,0,,,,,,,,,,30,,,25,1.17
8140 3012,12/20/15,26,3,35,64,45,,,,,,,,,,,,0,,,,,,,,,,,,,,n/a
8140 3021,3/14/19,15,1,43,59,12,,,,,,,,,,,,0,,,,,,,,,,,6,,5,2.47
8140 3031,3/20/20,7,9,50,66,,,,,17,,,,,,,,0,,,,,,,,,,51,,2,8,1.59
8140 3031,,,,,,,,,,,,,,,,,,0,,,,,,,,,,,,,,n/a
8140 3041,3/12/20,4,17,48,69,,,,,7,,2,,,,,,0,,,,,,,,,,59,,1,25,0.68
8140 3041,3/19/16,5,0,29,34,19,,,,,,,,,,,,0,,,,,,,,,,,,,,n/a
8140 3050,3/12/20,2,10,45,57,,,,,1,,1,,,,,,0,,,,,,,,,,56,,5,19,0.88
8140 3050,3/19/16,24,0,55,79,28,,,,,,,,,,,,0,,,,,,,,,,,,,,n/a
8140 3060,3/19/16,26,0,43,69,25,,,,,,,,,,,,0,,,,,,,,,,,,,,n/a
8140 3060,4/17/21,0,46,22,68,,,,,2,,12,,,,,,0,,,,,,,,,,10,,6,25,0.63
8140 3070,,,,,,,,,,,,,,,,,,0,,,,,,,,,,,,,,n/a
8140 3070,,,,,,,,,,,,,,,,,,0,,,,,,,,,,,,,,n/a
8140 3079,3/19/16,10,0,26,36,13,,,,,,,,,,,,0,,,,,,,,,,,,,,n/a
8140 3089,7/3/19,1,0,15,16,8,,,,,,3,,,,,,0,,,,,,,,,,,,2,29,1.14
8140 3099,12/14/17,46,46,81,173,46,,,,,,,,,,,,0,,,,,,,,,,,,,,n/a
8140 3108,12/14/17,31,48,56,135,45,,,,,,,,,,,,0,,,,,,,,,,,,,,n/a
8140 3118,,,,,,,,,,,,,,,,,,,,,,,,,,,,,,,,
8140 3118,9/27/16,31,41,66,138,78,,,,,,,,,,,,0,,,,,,,,,,,,,,n/a
8140 3128,,,,,,,,,,,,,,,,,,,,,,,,,,,,,,,,
8140 3128,,,,,,,,,,,,,,,,,,,,,,,,,,,,,,,,
8140 3137,7/20/20,7,42,26,75,,,,,5,,6,,,1,,,1,,,,2,,,,,,34,,,19,0.93
8140 3147,7/20/20,8,85,25,118,,,,,65,,,,,,,,0,,,,,,,,,,55,,,2,1.50
8140 3147,,,,,,,,,,,,,,,,,,,,,,,,,,,,,,,,
8140 3157,7/20/20,3,57,19,79,,,,,37,,,,,,,1,1,,,,,,,,,,36,,3,22,1.00
8140 3166,7/20/20,10,38,25,73,,,,,4,,,,,,,,0,,,,,,,,,,16,,10,20,1.90
8140 3176,7/20/20,0,24,18,42,,,,,,,1,,,,,,0,,,,1,,,,,,3,,,17,2.10
8140 3186,4/11/20,5,13,18,36,,,,,14,,1,,,,,,0,,,,,,,,,,,,,11,2.31
8149 2935,2/28/19,0,0,34,34,15,,,,,,,,,,,,0,,,,,,,,,,,,,31,1.94
8149 2944,2/28/19,3,0,28,31,2,,,,,,,,,,,,0,,,,,,,,,,1,,,36,1.44
8149 2954,2/28/19,4,3,38,45,6,,,,,,,,,,,,0,,,,,,,,,,,,,15,1.58
8149 2964,7/30/15,24,,,24,,,,,,,,,,,,,0,,,,,,,,,,,,,,n/a
8149 2964,,,,,,,,,,,,,,,,,,0,,,,,,,,,,,,,,n/a
8149 2964,11/28/21,0,21,82,103,,,,,,,27,,,2,,,3,,,,,,,,,,48,,,4,2.50
8149 2973,,,,,,,,,,,,,,,,,,0,,,,,,,,,,,,,,n/a
8149 2973,3/3/22,0,2,79,81,,,,,,,3,,,1,,,1,,,,,,,,,,28,,2,12,0.00
8149 2973,,,,,,,,,,,,,,,,,,0,,,,,,,,,,,,,,n/a
8149 2973,7/30/15,,,,,,,,,,,,,,,,,0,,,,,,,,,,,,,,n/a
8149 2983,,,,,,,,,,,,,,,,,,0,,,,,,,,,,,,,,n/a
8149 2983,10/20/16,6,5,42,53,37,,,,,,,,,,,,0,,,,,,,,,,,,,,n/a
8149 2993,,,,,,,,,,,,,,,,,,0,,,,,,,,,,,,,,n/a
8149 2993,10/20/16,21,12,41,74,25,,,,,,,,,,,,0,,,,,,,,,,,,,,n/a
8149 3002,,,,,,,,,,,,,,,,,,0,,,,,,,,,,,,,,n/a
8149 3002,,,,,,,,,,,,,,,,,,0,,,,,,,,,,,,,,n/a
8149 3012,,,,,,,,,,,,,,,,,,0,,,,,,,,,,,,,,n/a
8149 3012,7/23/21,0,27,57,84,,,,,,,5,,,,,,0,,,,,,,,,,,,15,17,0.84
8149 3012,12/20/15,14,1,58,73,31,,,,,,,,,,,,0,,,,,,,,,,,,,,n/a
8149 3012,,,,,,,,,,,,,,,,,,0,,,,,,,,,,,,,,n/a
8149 3021,3/14/19,13,8,50,71,20,,,,,,,,,,,,0,,,,,,,,,,,,,4,2.26
8149 3021,,,,,,,,,,,,,,,,,,0,,,,,,,,,,,,,,n/a
8149 3021,9/10/21,2,28,45,75,,,,,6,,15,,,2,,5,7,,,,,,,,,,39,1,10,16,0.97
8149 3031,,,,,,,,,,,,,,,,,,0,,,,,,,,,,,,,,n/a
8149 3031,3/24/21,7,44,38,89,,,,,4,,15,,,,,,0,,,,,,,,,,,,,25,1.24
8149 3041,2/24/16,1,3,50,54,42,,,,,,,,,,,,0,,,,,,,,,,,,,,n/a
8149 3041,5/1/21,6,27,51,84,,,,,,,6,,,,,,0,,,,,,,,,,11,,,35,1.25
8149 3050,,,,,,,,,,,,,,,,,,0,,,,,,,,,,,,,,n/a
8149 3050,,,,,,,,,,,,,,,,,,0,,,,,,,,,,,,,,n/a
8149 3050,,,,,,,,,,,,,,,,,,0,,,,,,,,,,,,,,n/a
8149 3050,2/28/16,2,0,57,59,25,,,,,,,,,,,,0,,,,,,,,,,,,,,n/a
8149 3060,2/23/22,2,5,32,,,,,,,,5,11,,,,,0,,,,,,,,,,31,,,22,0.86
8149 3060,,,,,,,,,,,,,,,,,,0,,,,,,,,,,,,,,1.00
8149 3060,,,,,,,,,,,,,,,,,,0,,,,,,,,,,,,,,1.00
8149 3060,3/19/16,26,0,57,83,9,,,,,,,,,,,,0,,,,,,,,,,,,,,n/a
8149 3070,3/19/16,5,0,26,31,4,,,,,,,,,,,,0,,,,,,,,,,,,,,n/a
8149 3079,3/19/16,2,0,5,7,1,,,,,,,,,,,,0,,,,,,,,,,,,,,n/a
8149 3089,7/2/19,4,4,29,37,9,,,,,,2,,,,,,0,,,,,,,,,,,,1,25,1.15
8149 3099,,,,,,,,,,,,,,,,,,,,,,,,,,,,,,,,
8149 3099,11/19/17,33,19,78,130,77,,,,,,,,,,,,0,,,,,,,,,,,,,,n/a
8149 3099,,,,,,,,,,,,,,,,,,0,,,,,,,,,,,,,,n/a
8149 3099,,,,,,,,,,,,,,,,,,0,,,,,,,,,,,,,,n/a
8149 3108,,,,,,,,,,,,,,,,,,,,,,,,,,,,,,,,
8149 3108,,,,,,,,,,,,,,,,,,0,,,,,,,,,,,,,,n/a
8149 3108,,,,,,,,,,,,,,,,,,0,,,,,,,,,,,,,,n/a
8149 3118,,,,,,,,,,,,,,,,,,,,,,,,,,,,,,,,
8149 3118,9/27/16,36,54,66,156,82,,,,,,,,,,,,0,,,,,,,,,,,,,,n/a
8149 3128,,,,,,,,,,,,,,,,,,0,,,,,,,,,,,,,,n/a
8149 3128,,,,,,,,,,,,,,,,,,,,,,,,,,,,,,,,
8149 3128,,,,,,,,,,,,,,,,,,0,,,,,,,,,,,,,,n/a
8149 3137,10/23/17,38,31,67,136,103,,,,,,,,,,,,0,,,,,,,,,,,,,,n/a
8149 3147,10/23/17,36,23,61,120,123,,,,,,,,,,,,0,,,,,,,,,,,,,,n/a
8149 3157,5/9/20,1,41,19,61,,,,,15,,10,,,,,,0,,,,,,,,,,19,,5,13,1.20
8149 3166,4/12/20,3,21,23,47,,,,,24,,,,,,,,0,,,,,,,,,,,,13,25,1.13
8149 3176,4/11/20,1,36,18,55,,,1,,16,,3,,,,,,0,,,,,,,,,,,,1,20,0.94
8149 3195,,,,,,,,,,,,,,,,,,0,,,,,,,,,,,,,,n/a
8158 2935,3/5/21,0,17,43,60,,,,,,,2,,,,,,0,,,,1,,,,,,,,21,3,12.09
8158 2935,,,,,,,,,,,,,,,,,,0,,,,,,,,,,,,,,n/a
8158 2964,7/x/15,34,,,34,,,,,,,,,,,,,0,,,,,,,,,,,,,,n/a
8158 2964,,,,,,,,,,,,,,,,,,0,,,,,,,,,,,,,,n/a
8158 2973,,,,,,,,,,,,,,,,,,0,,,,,,,,,,,,,,n/a
8158 2973,,,,,,,,,,,,,,,,,,0,,,,,,,,,,,,,,
8158 2973,,,,,,,,,,,,,,,,,,0,,,,,,,,,,,,,,
8158 2973,,,,,,,,,,,,,,,,,,0,,,,,,,,,,,,,,n/a
8158 2973,,,,,,,,,,,,,,,,,,0,,,,,,,,,,,,,,n/a
8158 2973,,,,,,,,,,,,,,,,,,0,,,,,,,,,,,,,,n/a
8158 2973,,,,,,,,,,,,,,,,,,0,,,,,,,,,,,,,,n/a
8158 2983,,,,,,,,,,,,,,,,,,0,,,,,,,,,,,,,,n/a
8158 2983,,,,,,,,,,,,,,,,,,0,,,,,,,,,,,,,,n/a
8158 2983,,,,,,,,,,,,,,,,,,0,,,,,,,,,,,,,,n/a
8158 2983,,,,,,,,,,,,,,,,,,0,,,,,,,,,,,,,,n/a
8158 2983,,,,,,,,,,,,,,,,,,0,,,,,,,,,,,,,,n/a
8158 2993,,,,,,,,,,,,,,,,,,0,,,,,,,,,,,,,,n/a
8158 2993,10/20/16,11,26,64,101,46,,,,,,,,,,,,0,,,,,,,,,,,,,,n/a
8158 3002,2/23/19,2,4,47,53,12,,,,,,,,,,,,0,,,,,,,,,,,,,18,0.92
8158 3002,7/18/21,0,16,51,67,,,,,,,15,,,,,,0,,,,,,,,,,2,,9,32,0.63
8158 3012,2/23/19,1,5,63,69,3,,,,,,,,,,,,0,,,,,,,,,,,,,10,1.50
8158 3012,,,,,,,,,,,,,,,,,,0,,,,,,,,,,,,,,n/a
8158 3012,7/23/21,0,21,55,76,,,,,,,27,,,,,,0,,,,,,,,,,8,,2,14,1.86
8158 3021,6/2/21,0,19,57,76,,,,,,,2,,,,,,1,,,,,,,,,,,,10,14,1.21
8158 3021,,,,,,,,,,,,,,,,,,0,,,,,,,,,,,,,,n/a
8158 3031,6/2/21,0,54,60,114,,,,,14,,12,,,,,,0,,,,1,,,,,,4,,40,5,1.83
8158 3031,,,,,,,,,,,,,,,,,,0,,,,,,,,,,,,,,n/a
8158 3041,2/24/16,2,1,57,60,38,,,,,,,,,,,,0,,,,,,,,,,,,,,n/a
8158 3041,3/24/21,0,30,29,59,,,,,2,,6,,,,,,0,,,,,,,,,,1,,,25,1.96
8158 3050,2/24/16,3,0,77,80,41,,,,,,,,,,,,0,,,,,,,,,,,,,,n/a
8158 3050,3/27/21,0,23,23,46,,,,,,,,,,,,,0,,,,,,,,,,12,,5,27,1.71
8158 3060,,,,,,,,,,,,,,,,,,0,,,,,,,,,,,,,,n/a
8158 3060,5/1/21,6,21,24,51,,,,,1,,8,,,,,,0,,,,,,,,,,20,,,57,1.29
8158 3079,4/30/19,1,13,25,39,,,,,,,4,,,,,,7,,,,,,,,,,,,25,4,3.84
8158 3089,5/2/19,2,1,37,40,1,,,,,,14,,,,,,0,,,,,,,,,,1,,1,5,2.43
8158 3099,5/2/19,1,0,30,31,,,,,,,14,,,,,,0,,,,,,,,,,,,,16,2.55
8158 3108,,,,,,,,,,,,,,,,,,,,,,,,,,,,,,,,
8158 3108,7/17/17,33,17,55,105,67,,,,,,,,,,,,0,,,,,,,,,,,,,,n/a
8158 3118,7/17/17,20,24,51,95,50,,,,,,,,,,,,0,,,,,,,,,,,,,,n/a
8158 3118,7/20/20,2,59,55,116,,,,,,,8,,,,,,0,,,,,,,,,,47,,2,17,1.34
8158 3128,,,,,,,,,,,,,,,,,,,,,,,,,,,,,,,,
8158 3137,,,,,,,,,,,,,,,,,,,,,,,,,,,,,,,,
8158 3157,5/9/20,1,24,3,28,,,,,4,,1,,,,,,0,,,,,,,,,,33,,6,24,0.74
8158 3166,4/12/20,1,32,28,61,,,,,4,,11,,,,,,0,,,,,,,,,,,,15,33,0.50
8158 3176,,,,,,,,,,,,,,,,,,0,,,,,,,,,,,,,,n/a
8158 3176,,,,,,,,,,,,,,,,,,0,,,,,,,,,,,,,,n/a
8158 3186,,,,,,,,,,,,,,,,,,0,,,,,,,,,,,,,,n/a
8158 3195,,,,,,,,,,,,,,,,,,0,,,,,,,,,,,,,,n/a
8167 2964,10/20/16,2,22,80,104,48,,,,,,,,,,,,0,,,,,,,,,,,,,,n/a
8167 2993,5/7/19,0,5,67,72,1,,,,,,44,,,,,,0,,,,,,,,,,1,,15,6,2.31
8167 3002,5/7/19,0,14,63,77,,,,,,,35,,,,,,0,,,,,,,,,,,,8,10,2.26
8167 3002,6/2/21,0,0,3,3,,,,,,,,,,,,,0,,,,,,,,,,,,,25,3.73
8167 3041,5/1/21,0,4,32,36,,,,,,,,,,,,,0,,,,,,,,,,1,,,9,4.08
8167 3060,5/1/21,0,12,24,36,,,,,,,2,,,,,,0,,,,,,,,,,,,7,9,3.70
8167 3060,,,,,,,,,,,,,,,,,,0,,,,,,,,,,,,,,n/a
8167 3070,8/2/19,0,7,35,42,1,,,,1,,5,,,,,,0,,,,,,,,,,11,,8,11,3.10
8167 3079,,,,,,,,,,,,,,,,,,0,,,,,,,,,,,,,,
8167 3089,7/3/19,0,0,1,1,2,,,,,,,,,,,,0,,,,,,,,,,1,,,0,11.17
8167 3099,7/2/19,0,0,0,,0,,,,,,,,,,,,0,,,,,,,,,,,,,0,9.08
8167 3108,7/20/20,0,43,53,96,,,,,,,5,,,,,,0,,,,,,,,,,32,,30,11,1.94
8167 3108,,,,,,,,,,,,,,,,,,,,,,,,,,,,,,,,
8167 3108,7/17/17,23,13,27,63,52,,,,,,,,,,,,0,,,,,,,,,,,,,,n/a
8167 3118,7/20/20,1,47,42,90,,,,,,,5,,,10,,,10,,,,,,,,,,46,,,31,1.08
8167 3118,7/17/17,13,15,37,65,39,,,,,,,,,,,,0,,,,,,,,,,,,,,n/a
8176 3089,,,,,,,,,,,,,,,,,,0,,,,,,,,,,,,,,n/a
8176 3099,,,,,,,,,,,,,,,,,,0,,,,,,,,,,,,,,n/a
8176 3099,7/20/20,0,1,1,2,,,,,,,,,,,,,0,,,,,,,,,,,,,0,13.33
8194 1978,,,,,,,,,,,,,,,,,,0,,,,,,,,,,,,,,n/a
8275 1814,,,,,,,,,,,,,,,,,,0,,,,,,,,,,,,,,n/a
8329 1949,,,,,,,,,,,,,,,,,,0,,,,,,,,,,,,,,n/a
8329 1959,,,,,,,,,,,,,,,,,,0,,,,,,,,,,,,,,n/a
8329 1968,,,,,,,,,,,,,,,,,,0,,,,,,,,,,,,,,n/a
8329 1978,1/14/21,0,40,94,134,,,,,,,75,,,,,,0,,,,,,,,,,,,8,,2.40
8329 1988,1/14/21,0,40,94,134,,,,,,,17,,,,,,0,,,,,,,,,,,,,,2.83
8329 1997,6/13/20,0,12,87,99,,,,,,,,,,,,,0,,,,,,,,,,86,,8,8,0.20
8329 2007,5/14/20,0,1,79,80,,,,,,,10,,,,,,0,,,,,,,,,,,,59,1,3.53
8338 1978,1/14/21,0,58,65,123,,,,,,,52,,,,,,0,,,,,,,,,,,,28,4,2.41
8338 1988,1/14/21,0,18,84,102,,,,,,,24,,,,,,0,,,,,,,,,,,,20,7,0.86
8338 1997,6/13/20,0,2,76,78,,,,,,,,,,,,,0,,,,,,,,,,68,,3,5,1.27
8338 2007,5/14/20,0,1,96,97,,,,,,,7,,,,,,0,,,,,,,,,,,,74,5,0.00
8338 2017,,,,,,,,,,,,,,,,,,0,,,,,,,,,,,,,,n/a
8347 1978,2/27/21,0,1,84,85,,,,,,,,,,,,,0,,,,,,,,,,,,34,9,0.79
8347 1988,2/27/21,0,2,52,54,,,,,,,1,,,,,,0,,,,,,,,,,,,8,10,2.00
8347 1997,6/13/20,0,2,85,87,,,,,,,,,,,,,0,,,,,,,,,,82,,4,6,1.21
8347 2007,5/14/20,0,5,77,82,,,,,,,23,,,,,,0,,,,,,,,,,,,55,12,2.09
8347 2017,,,,,,,,,,,,,,,,,,0,,,,,,,,,,,,,,n/a
8356 1978,2/27/21,0,8,85,93,,,,,,,,,,,,,0,,,,,,,,,,,,30,11,0.43
8356 1988,2/27/21,0,3,78,81,,,,,,,,,,,,,0,,,,,,,,,,,,31,12,1.00
8356 1997,10/3/20,0,0,56,56,,,,,,,13,,,,,,0,,,,,,,,,,19,,13,28,0.46
8356 2007,10/3/20,0,3,73,76,,,,,,,4,,,,,,0,,,,,,,,,,1,,25,13,0.92
8356 2017,4/26/20,0,0,81,81,,,,,,,,,,,,,0,,,,,,,,,,,,49,8,1.13
8365 1939,10/3/20,0,1,90,91,,,,,,,,,,,,,0,,,,,,,,,,87,,6,6,0.67
8365 1949,10/3/20,0,0,96,96,,,,,,,,,,,,,0,,,,,,,,,,96,,1,3,0.50
8365 1959,,,,,,,,,,,,,,,,,,0,,,,,,,,,,,,,,n/a
8365 1978,1/14/21,0,15,66,81,20,,,,,,,,,,,,0,,,,,,,,,,,,20,27,0.97
8365 1988,1/14/21,0,2,39,41,,,,,,,5,,,,,,0,,,,,,,,,,,,14,11,2.51
8365 1997,10/3/20,0,8,78,86,,,,,,,8,,,,,,0,,,,,,,,,,51,,7,7,1.75
8365 2007,10/3/20,0,2,81,83,,,,,,,2,,,,,,0,,,,,,,,,,10,,23,15,0.83
8365 2017,10/30/21,0,1,76,77,,,,,,,,,,,,,0,,,,,,,,,,,,40,4,2.15
8374 1939,7/4/20,0,0,62,62,,,,,,,,,,,,,0,,,,,,,,,,64,,,18,0.72
8374 1949,7/4/20,0,0,69,69,,,,,,,,,,,,,0,,,,,,,,,,70,,,13,1.71
8374 1959,7/4/20,0,0,74,74,,,,,,,,,,,,,0,,,,,,,,,,74,,,8,1.15
8374 1968,,,,,,,,,,,,,,,,,,0,,,,,,,,,,,,,,n/a
8374 1978,1/14/21,0,7,73,80,,,,,,,11,,,,,,0,,,,,,,,,,,,29,10,2.39
8374 1988,1/14/21,0,17,61,78,,,,20,,,,,,,,,0,,,,,,,,,,,,20,12,2.68
8374 1997,1/17/21,0,1,62,63,,,,,,,8,,,,,,0,,,,,,,,,,,,24,7,2.43
8374 2007,7/4/20,0,0,81,81,2,,,,,,,,,,,,0,,,,,,,,,,80,,,12,0.65
8374 2017,3/30/21,0,0,76,76,,,,,,,,,,,,,0,,,,,,,,,,,,47,12,1.20
8374 2026,,,,,,,,,,,,,,,,,,0,,,,,,,,,,,,,,n/a
8374 2036,10/30/21,0,2,42,44,,,,,,,5,,,,,,0,,,,,,,,,,2,,12,15,1.82
8383 1910,,,,,,,,,,,,,,,,,,0,,,,,,,,,,,,,,n/a
8383 1920,,,,,,,,,,,,,,,,,,0,,,,,,,,,,,,,,n/a
8383 1930,,,,,,,,,,,,,,,,,,0,,,,,,,,,,,,,,n/a
8383 1939,,,,,,,,,,,,,,,,,,0,,,,,,,,,,,,,,n/a
8383 1949,,,,,,,,,,,,,,,,,,0,,,,,,,,,,,,,,n/a
8383 1959,10/3/20,0,0,100,100,,,,,,,,,,,,,0,,,,,,,,,,100,,1,0,n/a
8383 1959,,,,,,,,,,,,,,,,,,,,,,,,,,,,,,,,
8383 1968,,,,,,,,,,,,,,,,,,,,,,,,,,,,,,,,
8383 1968,10/3/20,0,0,83,83,,,,,,,,,,,,,0,,,,,,,,,,83,,,4,2.71
8383 1978,,,,,,,,,,,,,,,,,,,,,,,,,,,,,,,,
8383 2007,7/4/20,0,0,70,70,28,,,,,,,,,,,,0,,,,,,,,,,64,,,7,2.20
8383 2017,10/30/21,0,0,55,,,,,,,,,,,,,,0,,,,,,,,,,,,29,30,0.75
8383 2026,,,,,,,,,,,,,,,,,,0,,,,,,,,,,,,,,n/a
8383 2036,10/30/21,0,0,75,75,,,,,,,11,,,,,,0,,,,,,,,,,,,2,17,0.29
8392 1930,8/5/21,0,0,36,36,,,,,,,,,,,,,0,,,,,,,,,,,,6,13,2.42
8392 1939,8/5/21,0,0,86,86,,,,,,,,,,,,,0,,,,,,,,,,,,5,12,0.15
8392 1949,8/5/21,0,0,93,93,,,,,,,,,,,,,0,,,,,,,,,,,,10,2,0.33
8392 1959,,,,,,,,,,,,,,,,,,,,,,,,,,,,,,,,
8392 1959,,,,,,,,,,,,,,,,,,0,,,,,,,,,,,,,,n/a
8392 1959,,,,,,,,,,,,,,,,,,,,,,,,,,,,,,,,
8392 1968,,,,,,,,,,,,,,,,,,,,,,,,,,,,,,,,
8392 1968,,,,,,,,,,,,,,,,,,0,,,,,,,,,,,,,,n/a
8392 1978,,,,,,,,,,,,,,,,,,,,,,,,,,,,,,,,
8392 1978,,,,,,,,,,,,,,,,,,0,,,,,,,,,,,,,,n/a
8392 2007,11/5/20,0,3,99,102,1,,,,,,,,,1,,,1,,,,,,,,,,,,28,1,0.00
8392 2017,11/5/20,0,7,52,59,,,,,,,14,,,,,,0,,,,,,,,,,,,26,13,1.72
8392 2026,,,,,,,,,,,,,,,,,,0,,,,,,,,,,,,,,n/a
8392 2036,10/30/21,0,0,41,41,,,,,,,6,,,,,,0,,,,,,,,,,,,5,37,0.73
8401 1930,8/5/21,0,0,48,48,,,,,,,,,,,,,0,,,,,,,,,,,,20,18,1.09
8401 1939,,,,,,,,,,,,,,,,,,,,,,,,,,,,,,,,
8401 1939,,,,,,,,,,,,,,,,,,0,,,,,,,,,,,,,,n/a
8401 1949,,,,,,,,,,,,,,,,,,,,,,,,,,,,,,,,
8401 1949,,,,,,,,,,,,,,,,,,0,,,,,,,,,,,,,,n/a
8401 1959,,,,,,,,,,,,,,,,,,,,,,,,,,,,,,,,
8401 1959,,,,,,,,,,,,,,,,,,0,,,,,,,,,,,,,,n/a
8401 1968,,,,,,,,,,,,,,,,,,,,,,,,,,,,,,,,
8401 1968,,,,,,,,,,,,,,,,,,0,,,,,,,,,,,,,,n/a
8401 2007,11/5/20,0,12,84,96,,,,,,,6,,,1,,,1,,,,,,,,,,,,39,10,1.25
8401 2017,11/5/20,0,7,76,83,,,,,,,17,,,,,,0,,,,,,,,,,8,,35,18,0.19
8401 2026,,,,,,,,,,,,,,,,,,0,,,,,,,,,,,,,,n/a
8401 2036,,,,,,,,,,,,,,,,,,0,,,,,,,,,,,,,,n/a
8401 2046,,,,,,,,,,,,,,,,,,0,,,,,,,,,,,,,,n/a
8401 2055,,,,,,,,,,,,,,,,,,0,,,,,,,,,,,,,,n/a
8401 2065,,,,,,,,,,,,,,,,,,0,,,,,,,,,,,,,,n/a
8410 1939,4/7/21,0,0,66,66,,,,,,,,,,,,,0,,,,,,,,,,47,,,10,1.35
8410 1949,,,,,,,,,,,,,,,,,,0,,,,,,,,,,,,,,n/a
8410 1959,,,,,,,,,,,,,,,,,,0,,,,,,,,,,,,,,n/a
8410 1968,,,,,,,,,,,,,,,,,,0,,,,,,,,,,,,,,n/a
8410 1997,,,,,,,,,,,,,,,,,,0,,,,,,,,,,,,,,n/a
8410 2007,,,,,,,,,,,,,,,,,,0,,,,,,,,,,,,,,n/a
8410 2017,,,,,,,,,,,,,,,,,,0,,,,,,,,,,,,,,n/a
8410 2026,,,,,,,,,,,,,,,,,,0,,,,,,,,,,,,,,n/a
8419 1939,4/7/21,0,0,45,45,,,,,,,,,,,,,0,,,,,,,,,,35,,,9,2.57
